region_title;rank;rank;subject;questions;share
Алтайский край;1;1;Налог на имущество;813;0.048911081698953
Алтайский край;2;2;Налог на доходы физических лиц;793;0.047707857056913
Алтайский край;3;3;Организация работы с налогоплательщиками;622;0.037420286367465
Алтайский край;4;4;Транспортный налог;566;0.034051257369751
Алтайский край;5;5;Привлечение к административной ответственности;523;0.031464324389363
Алтайский край;6;6;Возврат или зачет излишне уплаченных или излишне взысканных сумм налогов, сборов, взносов, пеней и штрафов;512;0.030802550836241
Алтайский край;7;7;Задолженность но налогам, сборам и взносам в бюджеты государственных внебюджетных фондов;457;0.027493683070629
Алтайский край;8;8;Учет налогоплательщиков. Получение и отказ от ИНН;433;0.026049813500180
Алтайский край;9;9;Оплата жилищно-коммунальных услуг (ЖКХ), взносов в Фонд капитального ремонта;379;0.022801106966671
Алтайский край;10;10;Перерасчет размеров пенсий Подвопрос: по старости;303;0.018228853326916
Амурская область;1;1;Задолженность но налогам, сборам и взносам в бюджеты государственных внебюджетных фондов;421;0.075924256086564
Амурская область;2;2;Налог на доходы физических лиц;396;0.071415689810640
Амурская область;3;3;Права и свободы человека и гражданина;231;0.041659152389540
Амурская область;4;4;Организация работы с налогоплательщиками;224;0.040396753832281
Амурская область;5;5;Транспортный налог;186;0.033543733092876
Амурская область;6;6;Надзор и контроль за соблюдением трудового законодательства;161;0.029035166816952
Амурская область;7;7;Налог на имущество;148;0.026690712353472
Амурская область;8;8;Деятельность органов дознания и следствия;112;0.020198376916141
Амурская область;9;9;Возврат или зачет излишне уплаченных или излишне взысканных сумм налогов, сборов, взносов, пеней и штрафов;109;0.019657348963030
Амурская область;10;10;Земельный налог;103;0.018575293056808
Архангельская область;1;1;Налог на доходы физических лиц;567;0.084024896265560
Архангельская область;2;2;Возврат или зачет излишне уплаченных или излишне взысканных сумм налогов, сборов, взносов, пеней и штрафов;416;0.061647895672792
Архангельская область;3;3;Задолженность но налогам, сборам и взносам в бюджеты государственных внебюджетных фондов;373;0.055275637225845
Архангельская область;4;4;Организация работы с налогоплательщиками;326;0.048310610551274
Архангельская область;5;5;Учет налогоплательщиков. Получение и отказ от ИНН;199;0.029490219324244
Архангельская область;6;6;Транспортный налог;194;0.028749259039715
Архангельская область;7;7;Актуализация сведений об объектах налогообложения;188;0.027860106698281
Архангельская область;8;8;Налог на имущество;169;0.025044457617072
Архангельская область;9;9;Содержание общего имущества (канализация, вентиляция, кровля, ограждающие конструкции, инженерное оборудование, места общего пользования, придомовая территория);167;0.024748073503260
Архангельская область;10;10;Представление дополнительных документов и материалов;123;0.018227622999407
Астраханская область;1;1;Организация работы с налогоплательщиками;317;0.059352181239468
Астраханская область;2;2;Налог на доходы физических лиц;288;0.053922486425763
Астраханская область;3;3;Комплексное благоустройство;204;0.038195094551582
Астраханская область;4;4;Возврат или зачет излишне уплаченных или излишне взысканных сумм налогов, сборов, взносов, пеней и штрафов;204;0.038195094551582
Астраханская область;5;5;Задолженность но налогам, сборам и взносам в бюджеты государственных внебюджетных фондов;197;0.036884478562067
Астраханская область;6;6;Мелиорация;196;0.036697247706422
Астраханская область;7;7;Налог на имущество;179;0.033514323160457
Астраханская область;8;8;Социальное обеспечение, социальная поддержка и социальная помощь семьям, имеющим детей, в том числе многодетным семьям и одиноким родителям, гражданам пожилого возраста, гражданам, находящимся в трудной жизненной ситуации, малоимущим гражданам;176;0.032952630593522
Астраханская область;9;9;Транспортный налог;172;0.032203707170942
Астраханская область;10;10;Актуализация сведений об объектах налогообложения;128;0.023965549522561
Белгородская область;1;1;Организация работы с налогоплательщиками;840;0.095912308746289
Белгородская область;2;2;Налог на доходы физических лиц;471;0.053779401689884
Белгородская область;3;3;Комплексное благоустройство;297;0.033911852021009
Белгородская область;4;4;Права и свободы человека и гражданина;259;0.029572961863439
Белгородская область;5;5;Содержание общего имущества (канализация, вентиляция, кровля, ограждающие конструкции, инженерное оборудование, места общего пользования, придомовая территория);200;0.022836263987212
Белгородская область;6;6;Возврат или зачет излишне уплаченных или излишне взысканных сумм налогов, сборов, взносов, пеней и штрафов;198;0.022607901347340
Белгородская область;7;7;Вопросы возбуждения уголовных дел;197;0.022493720027404
Белгородская область;8;8;Строительство и реконструкция дорог;156;0.017812285910025
Белгородская область;9;9;Задолженность но налогам, сборам и взносам в бюджеты государственных внебюджетных фондов;150;0.017127197990409
Белгородская область;10;10;Социальное обеспечение, социальная поддержка и социальная помощь семьям, имеющим детей, в том числе многодетным семьям и одиноким родителям, гражданам пожилого возраста, гражданам, находящимся в трудной жизненной ситуации, малоимущим гражданам;141;0.016099566110984
Брянская область;1;1;Организация работы с налогоплательщиками;596;0.094588160609427
Брянская область;2;2;Задолженность но налогам, сборам и взносам в бюджеты государственных внебюджетных фондов;298;0.047294080304714
Брянская область;3;3;Права и свободы человека и гражданина;294;0.046659260434852
Брянская область;4;4;Налог на доходы физических лиц;272;0.043167751150611
Брянская область;5;5;Налог на имущество;255;0.040469766703698
Брянская область;6;6;Возврат или зачет излишне уплаченных или излишне взысканных сумм налогов, сборов, взносов, пеней и штрафов;243;0.038565307094112
Брянская область;7;7;Учет налогоплательщиков. Получение и отказ от ИНН;206;0.032693223297889
Брянская область;8;8;Транспортный налог;197;0.031264878590700
Брянская область;9;9;Деятельность органов дознания и следствия Подвопрос: безналичные денежные средства;133;0.021107760672909
Брянская область;10;10;Надзор и контроль за соблюдением трудового законодательства;129;0.020472940803047
Владимирская область;1;1;ОСАГО;709;0.059983079526227
Владимирская область;2;2;Налог на доходы физических лиц;619;0.052368866328257
Владимирская область;3;3;Содержание общего имущества (канализация, вентиляция, кровля, ограждающие конструкции, инженерное оборудование, места общего пользования, придомовая территория);502;0.042470389170897
Владимирская область;4;4;Переработка вторичного сырья и бытовых отходов. Полигоны бытовых отходов;492;0.041624365482233
Владимирская область;5;5;Комплексное благоустройство;418;0.035363790186125
Владимирская область;6;6;Оплата жилищно-коммунальных услуг (ЖКХ), взносов в Фонд капитального ремонта;416;0.035194585448393
Владимирская область;7;7;Организация работы с налогоплательщиками;369;0.031218274111675
Владимирская область;8;8;Возврат или зачет излишне уплаченных или излишне взысканных сумм налогов, сборов, взносов, пеней и штрафов;310;0.026226734348562
Владимирская область;9;9;Управляющие организации, товарищества собственников жилья и иные формы управления собственностью;241;0.020389170896785
Владимирская область;10;10;Задолженность но налогам, сборам и взносам в бюджеты государственных внебюджетных фондов;236;0.019966159052453
Волгоградская область;1;1;Налог на имущество;2283;0.112435360748584
Волгоградская область;2;2;Организация работы с налогоплательщиками;990;0.048756463925142
Волгоградская область;3;3;Правительственная связь и иные виды специальной связи. Фельдъегерская связь;942;0.046392514159074
Волгоградская область;4;4;Деятельность органов дознания и следствия;819;0.040334892883526
Волгоградская область;5;5;Налог на доходы физических лиц;768;0.037823196257080
Волгоградская область;6;6;Лечение и оказание медицинской помощи;633;0.031174587540015
Волгоградская область;7;7;Лекарственное обеспечение;505;0.024870721497168
Волгоградская область;8;8;Возврат или зачет излишне уплаченных или излишне взысканных сумм налогов, сборов, взносов, пеней и штрафов;499;0.024575227776410
Волгоградская область;9;9;Транспортный налог;384;0.018911598128540
Волгоградская область;10;10;Задолженность но налогам, сборам и взносам в бюджеты государственных внебюджетных фондов;339;0.016695395222852
Вологодская область;1;1;Поступление в образовательные организации Подвопрос: дошкольное образование;1163;0.091222841007138
Вологодская область;2;2;Налог на доходы физических лиц;728;0.057102517844537
Вологодская область;3;3;Права и свободы человека и гражданина;561;0.044003451251079
Вологодская область;4;4;Комплексное благоустройство;344;0.026982508432034
Вологодская область;5;5;Содержание общего имущества (канализация, вентиляция, кровля, ограждающие конструкции, инженерное оборудование, места общего пользования, придомовая территория);327;0.025649070515335
Вологодская область;6;6;Градостроительство. Архитектура и проектирование;254;0.019923131225979
Вологодская область;7;7;Работа медицинских учреждений и их сотрудников;250;0.019609381127932
Вологодская область;8;8;Благоустройство и ремонт подъездных дорог, в том числе тротуаров;244;0.019138755980861
Вологодская область;9;9;Обращение с твердыми коммунальными отходами;204;0.016001255000392
Вологодская область;10;10;Строительство и реконструкция дорог;202;0.015844379951369
Воронежская область;1;1;Организация работы с налогоплательщиками;1204;0.076531909483855
Воронежская область;2;2;Возврат или зачет излишне уплаченных или излишне взысканных сумм налогов, сборов, взносов, пеней и штрафов;776;0.049326214085939
Воронежская область;3;3;Права и свободы человека и гражданина;602;0.038265954741927
Воронежская область;4;4;Налог на доходы физических лиц;547;0.034769895753877
Воронежская область;5;5;Деятельность органов дознания и следствия;541;0.034388507500636
Воронежская область;6;6;Комплексное благоустройство;401;0.025489448258327
Воронежская область;7;7;Благоустройство и ремонт подъездных дорог, в том числе тротуаров;322;0.020467836257310
Воронежская область;8;8;Транспортный налог;317;0.020150012712942
Воронежская область;9;9;Задолженность но налогам, сборам и взносам в бюджеты государственных внебюджетных фондов;306;0.019450800915332
Воронежская область;10;10;Налоговые преференции и льготы физическим лицам;267;0.016971777269260
г. Москва;1;1;Органы внутренних дел;312648;0.418338223901027
г. Москва;2;2;Привлечение к административной ответственности;28429;0.038039384122983
г. Москва;3;3;Госавтоинспекция МВД России (ГИБДД);26800;0.035859702926446
г. Москва;4;4;Возврат или зачет излишне уплаченных или излишне взысканных сумм налогов, сборов, взносов, пеней и штрафов;24579;0.032887896948848
г. Москва;5;5;Организация работы с налогоплательщиками;22541;0.030160953868098
г. Москва;6;6;Паспортная система;13295;0.017789356358474
г. Москва;7;7;Противодействие преступности;13013;0.017412026648576
г. Москва;8;8;Налог на доходы физических лиц;11169;0.014944664999458
г. Москва;9;9;Государственные и муниципальные услуги (многофункциональные центры) Подвопрос: государственные услуги;10470;0.014009369016414
г. Москва;10;10;Налог на имущество;10256;0.013723026612449
г. Санкт-Петербург;1;1;Налог на доходы физических лиц;7780;0.101528142087199
г. Санкт-Петербург;2;2;Возврат или зачет излишне уплаченных или излишне взысканных сумм налогов, сборов, взносов, пеней и штрафов;7667;0.100053504547887
г. Санкт-Петербург;3;3;Организация работы с налогоплательщиками;4600;0.060029492750786
г. Санкт-Петербург;4;4;Учет налогоплательщиков. Получение и отказ от ИНН;2272;0.029649349462997
г. Санкт-Петербург;5;5;Комплексное благоустройство;2235;0.029166503543045
г. Санкт-Петербург;6;6;Задолженность но налогам, сборам и взносам в бюджеты государственных внебюджетных фондов;2231;0.029114303984131
г. Санкт-Петербург;7;7;Налог на имущество;2058;0.026856673061113
г. Санкт-Петербург;8;8;Актуализация сведений об объектах налогообложения;1842;0.024037896879771
г. Санкт-Петербург;9;9;Содержание общего имущества (канализация, вентиляция, кровля, ограждающие конструкции, инженерное оборудование, места общего пользования, придомовая территория);1582;0.020644925550379
г. Санкт-Петербург;10;10;Транспортный налог;1319;0.017212804551802
г. Севастополь;1;1;Перерасчет размеров пенсий;284;0.062076502732240
г. Севастополь;2;2;Комплексное благоустройство;175;0.038251366120219
г. Севастополь;3;3;Перерасчет размеров пенсий Подвопрос: по старости;101;0.022076502732240
г. Севастополь;4;4;Содержание общего имущества (канализация, вентиляция, кровля, ограждающие конструкции, инженерное оборудование, места общего пользования, придомовая территория);98;0.021420765027322
г. Севастополь;5;5;Работа медицинских учреждений и их сотрудников;96;0.020983606557377
г. Севастополь;6;6;Деятельность субъектов торговли, торговые точки, организация торговли;94;0.020546448087432
г. Севастополь;7;7;Актуализация сведений об объектах налогообложения;92;0.020109289617486
г. Севастополь;8;8;Задолженность но налогам, сборам и взносам в бюджеты государственных внебюджетных фондов;88;0.019234972677596
г. Севастополь;9;9;Организация работы с налогоплательщиками;87;0.019016393442623
г. Севастополь;10;10;Права и свободы человека и гражданина Подвопрос: за рубежом;86;0.018797814207650
Еврейская автономная область;1;1;Привлечение к административной ответственности Подвопрос: Законодательство субъектов Российской Федерации;83;0.058001397624039
Еврейская автономная область;2;2;Деятельность органов дознания и следствия;54;0.037735849056604
Еврейская автономная область;3;3;Комплексное благоустройство;46;0.032145352900070
Еврейская автономная область;4;4;Опека и попечительство. Службы по обслуживанию детей, оказавшихся в трудной жизненной ситуации;45;0.031446540880503
Еврейская автономная область;5;5;Купля-продажа квартир, домов;35;0.024458420684836
Еврейская автономная область;6;6;Организация работы с налогоплательщиками;33;0.023060796645702
Еврейская автономная область;7;7;Коммунально-бытовое хозяйство и предоставление услуг в условиях рынка;28;0.019566736547869
Еврейская автономная область;8;8;Обеспечение жильем детей-сирот и детей, оставшихся без попечения родителей;27;0.018867924528302
Еврейская автономная область;9;9;Тарифы и льготы на бытовое услуги;26;0.018169112508735
Еврейская автономная область;10;10;Обеспечение дошкольных, общеобразовательных учреждений, профессиональных образовательных организаций и организаций высшего образования электро-, водо-, теплоснабжением;26;0.018169112508735
Забайкальский край;1;1;Транспортный налог;228;0.041857903433082
Забайкальский край;2;2;Налог на доходы физических лиц;209;0.038369744813659
Забайкальский край;3;3;Деятельность органов дознания и следствия;194;0.035615935377272
Забайкальский край;4;4;Налог на имущество;163;0.029924729208739
Забайкальский край;5;5;Деятельность судебных приставов;139;0.025518634110520
Забайкальский край;6;6;Санитарно-эпидемиологическое благополучие населения;125;0.022948411969892
Забайкальский край;7;7;Результаты рассмотрения обращения;124;0.022764824674133
Забайкальский край;8;8;Отбывание наказания в исправительных учреждениях;113;0.020745364420782
Забайкальский край;9;9;Учет налогоплательщиков. Получение и отказ от ИНН;112;0.020561777125023
Забайкальский край;10;10;Задолженность но налогам, сборам и взносам в бюджеты государственных внебюджетных фондов;94;0.017257205801359
Ивановская область;1;1;Налог на доходы физических лиц;404;0.056009981976986
Ивановская область;2;2;Содержание общего имущества (канализация, вентиляция, кровля, ограждающие конструкции, инженерное оборудование, места общего пользования, придомовая территория);367;0.050880354914737
Ивановская область;3;3;Деятельность органов дознания и следствия;344;0.047691667821988
Ивановская область;4;4;Организация работы с налогоплательщиками;261;0.036184666574241
Ивановская область;5;5;Оплата жилищно-коммунальных услуг (ЖКХ), взносов в Фонд капитального ремонта;189;0.026202689588243
Ивановская область;6;6;Комплексное благоустройство;162;0.022459448218494
Ивановская область;7;7;Качество товаров. Защита прав потребителей;158;0.021904893941495
Ивановская область;8;8;Благоустройство и ремонт подъездных дорог, в том числе тротуаров;141;0.019548038264245
Ивановская область;9;9;Работа медицинских учреждений и их сотрудников;140;0.019409399694995
Ивановская область;10;10;Деятельность судебных приставов;136;0.018854845417995
Иркутская область;1;1;Возврат или зачет излишне уплаченных или излишне взысканных сумм налогов, сборов, взносов, пеней и штрафов;1249;0.064577839822139
Иркутская область;2;2;Налог на имущество;1006;0.052013856574117
Иркутская область;3;3;Налог на доходы физических лиц;909;0.046998604001861
Иркутская область;4;4;Права и свободы человека и гражданина;683;0.035313582544853
Иркутская область;5;5;Транспортный налог;661;0.034176102580011
Иркутская область;6;6;Задолженность но налогам, сборам и взносам в бюджеты государственных внебюджетных фондов;535;0.027661444599555
Иркутская область;7;7;Деятельность органов дознания и следствия;481;0.024869448322217
Иркутская область;8;8;Содержание общего имущества (канализация, вентиляция, кровля, ограждающие конструкции, инженерное оборудование, места общего пользования, придомовая территория);463;0.023938782896438
Иркутская область;9;9;Оплата жилищно-коммунальных услуг (ЖКХ), взносов в Фонд капитального ремонта;457;0.023628561087844
Иркутская область;10;10;Организация работы с налогоплательщиками;436;0.022542784757768
Кабардино-Балкарская Республика;1;1;Деятельность судебных приставов;171;0.049039288786923
Кабардино-Балкарская Республика;2;2;Деятельность органов дознания и следствия;169;0.048465729853742
Кабардино-Балкарская Республика;3;3;Градостроительство. Архитектура и проектирование;138;0.039575566389447
Кабардино-Балкарская Республика;4;4;Улучшение жилищных условий, предоставление жилого помещения по договору социального найма гражданам, состоящим на учете в органе местного самоуправления в качестве нуждающихся в жилых помещениях;115;0.032979638657872
Кабардино-Балкарская Республика;5;5;Организация работы с налогоплательщиками;110;0.031545741324921
Кабардино-Балкарская Республика;6;6;Социальное обеспечение, социальная поддержка и социальная помощь семьям, имеющим детей, в том числе многодетным семьям и одиноким родителям, гражданам пожилого возраста, гражданам, находящимся в трудной жизненной ситуации, малоимущим гражданам;108;0.030972182391741
Кабардино-Балкарская Республика;7;7;Налог на имущество;105;0.030111843991970
Кабардино-Балкарская Республика;8;8;Опека и попечительство. Службы по обслуживанию детей, оказавшихся в трудной жизненной ситуации;96;0.027530828792658
Кабардино-Балкарская Республика;9;9;Запросы архивных данных;93;0.026670490392888
Кабардино-Балкарская Республика;10;10;Арендные отношения в области землепользования;66;0.018927444794953
Калининградская область;1;1;Налог на доходы физических лиц;1649;0.163769987089085
Калининградская область;2;2;Организация работы с налогоплательщиками;1421;0.141126229019764
Калининградская область;3;3;Работа органов прокуратуры;556;0.055218988976065
Калининградская область;4;4;Задолженность но налогам, сборам и взносам в бюджеты государственных внебюджетных фондов;505;0.050153937828980
Калининградская область;5;5;Транспортный налог;481;0.047770384347999
Калининградская область;6;6;Налог на имущество;371;0.036845764226835
Калининградская область;7;7;Деятельность органов дознания и следствия;333;0.033071804548615
Калининградская область;8;8;Возврат или зачет излишне уплаченных или излишне взысканных сумм налогов, сборов, взносов, пеней и штрафов;284;0.028205382858278
Калининградская область;9;9;Актуализация сведений об объектах налогообложения;273;0.027112920846161
Калининградская область;10;10;Оплата жилищно-коммунальных услуг (ЖКХ), взносов в Фонд капитального ремонта;271;0.026914291389413
Калужская область;1;1;Возврат или зачет излишне уплаченных или излишне взысканных сумм налогов, сборов, взносов, пеней и штрафов;782;0.088944494995450
Калужская область;2;2;Налог на доходы физических лиц;451;0.051296633303003
Калужская область;3;3;Налог на имущество;313;0.035600545950864
Калужская область;4;4;Права и свободы человека и гражданина;312;0.035486806187443
Калужская область;5;5;Задолженность но налогам, сборам и взносам в бюджеты государственных внебюджетных фондов;284;0.032302092811647
Калужская область;6;6;Содержание общего имущества (канализация, вентиляция, кровля, ограждающие конструкции, инженерное оборудование, места общего пользования, придомовая территория);262;0.029799818016379
Калужская область;7;7;Комплексное благоустройство;220;0.025022747952684
Калужская область;8;8;Оплата жилищно-коммунальных услуг (ЖКХ), взносов в Фонд капитального ремонта;165;0.018767060964513
Калужская область;9;9;Эксплуатация и ремонт государственного, муниципального и ведомственного жилищного фондов;158;0.017970882620564
Калужская область;10;10;Транспортный налог;151;0.017174704276615
Камчатский край;1;1;Транспортный налог;189;0.055506607929515
Камчатский край;2;2;Оплата жилищно-коммунальных услуг (ЖКХ), взносов в Фонд капитального ремонта;162;0.047577092511013
Камчатский край;3;3;Возврат или зачет излишне уплаченных или излишне взысканных сумм налогов, сборов, взносов, пеней и штрафов;134;0.039353891336270
Камчатский край;4;4;Учет налогоплательщиков. Получение и отказ от ИНН;113;0.033186490455213
Камчатский край;5;5;Содержание общего имущества (канализация, вентиляция, кровля, ограждающие конструкции, инженерное оборудование, места общего пользования, придомовая территория);113;0.033186490455213
Камчатский край;6;6;Задолженность но налогам, сборам и взносам в бюджеты государственных внебюджетных фондов;103;0.030249632892805
Камчатский край;7;7;Своевременность и качество пенсионного обеспечения;90;0.026431718061674
Камчатский край;8;8;Оказание услуг в электронной форме. Пользование информационными ресурсами;80;0.023494860499266
Камчатский край;9;9;Актуализация сведений об объектах налогообложения;78;0.022907488986784
Камчатский край;10;10;Деятельность органов дознания и следствия;73;0.021439060205580
Карачаево-Черкесская Республика;1;1;Деятельность судебных приставов;171;0.112648221343874
Карачаево-Черкесская Республика;2;2;Арендные отношения в области землепользования;85;0.055994729907773
Карачаево-Черкесская Республика;3;3;Деятельность органов дознания и следствия;67;0.044137022397892
Карачаево-Черкесская Республика;4;4;Уголовное судопроизводство;49;0.032279314888011
Карачаево-Черкесская Республика;5;5;Вопросы возбуждения уголовных дел;45;0.029644268774704
Карачаево-Черкесская Республика;6;6;Выплата пособий и компенсаций на ребенка;37;0.024374176548090
Карачаево-Черкесская Республика;7;7;Тарифы и льготы на бытовое услуги;33;0.021739130434783
Карачаево-Черкесская Республика;8;8;Градостроительство. Архитектура и проектирование;26;0.017127799736495
Карачаево-Черкесская Республика;9;9;Исполнение судебных решений;24;0.015810276679842
Карачаево-Черкесская Республика;10;10;Деятельность федеральных государственных органов, министерств и других федеральных органов исполнительной власти. Принимаемые решения;24;0.015810276679842
Кемеровская область;1;1;Возврат или зачет излишне уплаченных или излишне взысканных сумм налогов, сборов, взносов, пеней и штрафов;631;0.034769671589156
Кемеровская область;2;2;Вопросы возбуждения уголовных дел;583;0.032124752038792
Кемеровская область;3;3;Перерасчет размеров пенсий Подвопрос: по старости;533;0.029369627507163
Кемеровская область;4;4;Налог на доходы физических лиц;525;0.028928807582103
Кемеровская область;5;5;Надзор и контроль за соблюдением трудового законодательства;467;0.025732863125413
Кемеровская область;6;6;Права и свободы человека и гражданина;435;0.023969583425171
Кемеровская область;7;7;Транспортный налог;425;0.023418558518845
Кемеровская область;8;8;Деятельность органов дознания и следствия;386;0.021269561384175
Кемеровская область;9;9;Комплексное благоустройство;379;0.020883843949747
Кемеровская область;10;10;Учет налогоплательщиков. Получение и отказ от ИНН;375;0.020663433987216
Кировская область;1;1;Налог на доходы физических лиц;473;0.058315867340649
Кировская область;2;2;Отбывание наказания в исправительных учреждениях;278;0.034274442115645
Кировская область;3;3;Работа органов прокуратуры;218;0.026877080507952
Кировская область;4;4;Транспортный налог;200;0.024657872025644
Кировская область;5;5;Деятельность органов дознания и следствия;196;0.024164714585131
Кировская область;6;6;Учет налогоплательщиков. Получение и отказ от ИНН;196;0.024164714585131
Кировская область;7;7;Комплексное благоустройство;157;0.019356429540131
Кировская область;8;8;Задолженность но налогам, сборам и взносам в бюджеты государственных внебюджетных фондов;157;0.019356429540131
Кировская область;9;9;Оплата жилищно-коммунальных услуг (ЖКХ), взносов в Фонд капитального ремонта;155;0.019109850819874
Кировская область;10;10;Организация работы с налогоплательщиками;150;0.018493404019233
Костромская область;1;1;Организация работы с налогоплательщиками;606;0.107618540223761
Костромская область;2;2;Возврат или зачет излишне уплаченных или излишне взысканных сумм налогов, сборов, взносов, пеней и штрафов;447;0.079381992541289
Костромская область;3;3;Содержание общего имущества (канализация, вентиляция, кровля, ограждающие конструкции, инженерное оборудование, места общего пользования, придомовая территория);264;0.046883324453916
Костромская область;4;4;Налог на имущество;153;0.027171017581247
Костромская область;5;5;Вопросы возбуждения уголовных дел;129;0.022908897176345
Костромская область;6;6;Транспортный налог;126;0.022376132125733
Костромская область;7;7;Уголовное судопроизводство;98;0.017403658320014
Костромская область;8;8;Комплексное благоустройство;91;0.016160539868585
Костромская область;9;9;Оплата жилищно-коммунальных услуг (ЖКХ), взносов в Фонд капитального ремонта;88;0.015627774817972
Костромская область;10;10;Санитарно-эпидемиологическое благополучие населения;86;0.015272598117563
Краснодарский край;1;1;Организация работы с налогоплательщиками;2566;0.044212412557290
Краснодарский край;2;2;Возврат или зачет излишне уплаченных или излишне взысканных сумм налогов, сборов, взносов, пеней и штрафов;2471;0.042575553947414
Краснодарский край;3;3;Задолженность но налогам, сборам и взносам в бюджеты государственных внебюджетных фондов;1641;0.028274578724284
Краснодарский край;4;4;Деятельность органов дознания и следствия;1608;0.027705985733485
Краснодарский край;5;5;Налог на доходы физических лиц;1554;0.026775560839450
Краснодарский край;6;6;Лекарственное обеспечение;1366;0.023536303800958
Краснодарский край;7;7;Актуализация сведений об объектах налогообложения;1288;0.022192356731796
Краснодарский край;8;8;Налог на имущество;1283;0.022106206278645
Краснодарский край;9;9;Комплексное благоустройство;1244;0.021434232744064
Краснодарский край;10;10;Градостроительство. Архитектура и проектирование;1013;0.017454081808470
Красноярский край;1;1;Организация работы с налогоплательщиками;3128;0.116015132408575
Красноярский край;2;2;Задолженность но налогам, сборам и взносам в бюджеты государственных внебюджетных фондов;1277;0.047362955270381
Красноярский край;3;3;Налог на доходы физических лиц;1133;0.042022105185075
Красноярский край;4;4;Возврат или зачет излишне уплаченных или излишне взысканных сумм налогов, сборов, взносов, пеней и штрафов;1096;0.040649803427045
Красноярский край;5;5;Права и свободы человека и гражданина;1055;0.039129144722202
Красноярский край;6;6;Оплата жилищно-коммунальных услуг (ЖКХ), взносов в Фонд капитального ремонта;877;0.032527260588977
Красноярский край;7;7;Транспортный налог;808;0.029968103256435
Красноярский край;8;8;Налог на имущество;743;0.027557302870707
Красноярский край;9;9;Деятельность органов дознания и следствия;686;0.025443216378607
Красноярский край;10;10;Перерасчет размеров пенсий;495;0.018359172168237
Курганская область;1;1;Содержание общего имущества (канализация, вентиляция, кровля, ограждающие конструкции, инженерное оборудование, места общего пользования, придомовая территория);409;0.051446540880503
Курганская область;2;2;Комплексное благоустройство;341;0.042893081761006
Курганская область;3;3;Налог на доходы физических лиц;326;0.041006289308176
Курганская область;4;4;Права и свободы человека и гражданина;246;0.030943396226415
Курганская область;5;5;Налог на имущество;226;0.028427672955975
Курганская область;6;6;Транспортный налог;207;0.026037735849057
Курганская область;7;7;Градостроительство. Архитектура и проектирование;186;0.023396226415094
Курганская область;8;8;Организация работы с налогоплательщиками;172;0.021635220125786
Курганская область;9;9;Ритуальные услуги;138;0.017358490566038
Курганская область;10;10;Строительство и реконструкция дорог;138;0.017358490566038
Курская область;1;1;Организация работы с налогоплательщиками;940;0.070863173765548
Курская область;2;2;Задолженность но налогам, сборам и взносам в бюджеты государственных внебюджетных фондов;637;0.048021108179420
Курская область;3;3;Возврат или зачет излишне уплаченных или излишне взысканных сумм налогов, сборов, взносов, пеней и штрафов;576;0.043422540520166
Курская область;4;4;Строительство и реконструкция дорог;483;0.036411609498681
Курская область;5;5;Деятельность органов дознания и следствия;450;0.033923859781380
Курская область;6;6;Налог на имущество;305;0.022992838296268
Курская область;7;7;Транспортный налог;296;0.022314361100641
Курская область;8;8;Комплексное благоустройство;288;0.021711270260083
Курская область;9;9;Налог на доходы физических лиц;274;0.020655861289107
Курская область;10;10;Государственные награды. Награды и почетные знаки субъекта Российской Федерации. Ведомственные награды. Награды органов местного самоуправления;242;0.018243497926875
Ленинградская область;1;1;Налог на доходы физических лиц;2829;0.247831800262812
Ленинградская область;2;2;Налог на имущество;1284;0.112483574244415
Ленинградская область;3;3;Организация работы с налогоплательщиками;982;0.086027157249233
Ленинградская область;4;4;Возврат или зачет излишне уплаченных или излишне взысканных сумм налогов, сборов, взносов, пеней и штрафов;541;0.047393780113885
Ленинградская область;5;5;Юридические вопросы по налогам и сборам;431;0.037757336837495
Ленинградская область;6;6;Транспортный налог;384;0.033639947437582
Ленинградская область;7;7;Градостроительство. Архитектура и проектирование;374;0.032763907139728
Ленинградская область;8;8;Земельный налог;251;0.021988611476128
Ленинградская область;9;9;Комплексное благоустройство;234;0.020499342969777
Ленинградская область;10;10;Задолженность но налогам, сборам и взносам в бюджеты государственных внебюджетных фондов;184;0.016119141480508
Липецкая область;1;1;Комплексное благоустройство;387;0.038707741548310
Липецкая область;2;2;Права и свободы человека и гражданина;362;0.036207241448290
Липецкая область;3;3;Содержание общего имущества (канализация, вентиляция, кровля, ограждающие конструкции, инженерное оборудование, места общего пользования, придомовая территория);350;0.035007001400280
Липецкая область;4;4;Возврат или зачет излишне уплаченных или излишне взысканных сумм налогов, сборов, взносов, пеней и штрафов;341;0.034106821364273
Липецкая область;5;5;Деятельность органов дознания и следствия;297;0.029705941188238
Липецкая область;6;6;Вопросы возбуждения уголовных дел;273;0.027305461092218
Липецкая область;7;7;Благоустройство и ремонт подъездных дорог, в том числе тротуаров;265;0.026505301060212
Липецкая область;8;8;Налог на имущество;261;0.026105221044209
Липецкая область;9;9;Оплата жилищно-коммунальных услуг (ЖКХ), взносов в Фонд капитального ремонта;247;0.024704940988198
Липецкая область;10;10;Организация работы с налогоплательщиками;243;0.024304860972194
Магаданская область;1;1;Актуализация сведений об объектах налогообложения;83;0.065716547901821
Магаданская область;2;2;Оказание услуг в электронной форме. Пользование информационными ресурсами;56;0.044338875692795
Магаданская область;3;3;Содержание общего имущества (канализация, вентиляция, кровля, ограждающие конструкции, инженерное оборудование, места общего пользования, придомовая территория);51;0.040380047505938
Магаданская область;4;4;Налоговая отчетность;41;0.032462391132225
Магаданская область;5;5;Трудовые отношения. Заключение, изменение и прекращение трудового договора;40;0.031670625494854
Магаданская область;6;6;Социальное обеспечение, социальная поддержка и социальная помощь семьям, имеющим детей, в том числе многодетным семьям и одиноким родителям, гражданам пожилого возраста, гражданам, находящимся в трудной жизненной ситуации, малоимущим гражданам;32;0.025336500395883
Магаданская область;7;7;Налог на доходы физических лиц;31;0.024544734758511
Магаданская область;8;8;Деятельность федеральных государственных органов, министерств и других федеральных органов исполнительной власти. Принимаемые решения;30;0.023752969121140
Магаданская область;9;9;Контроль и надзор в налоговой сфере;29;0.022961203483769
Магаданская область;10;10;Управляющие организации, товарищества собственников жилья и иные формы управления собственностью;26;0.020585906571655
Московская область;1;1;Налог на доходы физических лиц;9797;0.075152268299044
Московская область;2;2;Налог на имущество;9274;0.071140362989215
Московская область;3;3;Государственный жилищный контроль;8713;0.066836961691290
Московская область;4;4;Организация работы с налогоплательщиками;8003;0.061390589282153
Московская область;5;5;Возврат или зачет излишне уплаченных или излишне взысканных сумм налогов, сборов, взносов, пеней и штрафов;7656;0.058728770654025
Московская область;6;6;Задолженность но налогам, сборам и взносам в бюджеты государственных внебюджетных фондов;3996;0.030653104432273
Московская область;7;7;Транспортный налог;3652;0.028014298645311
Московская область;8;8;Земельный налог;3429;0.026303677452018
Московская область;9;9;Учет налогоплательщиков. Получение и отказ от ИНН;3053;0.023419401359292
Московская область;10;10;Комплексное благоустройство;2813;0.021578374066062
Мурманская область;1;1;Содержание общего имущества (канализация, вентиляция, кровля, ограждающие конструкции, инженерное оборудование, места общего пользования, придомовая территория);1134;0.107835678965386
Мурманская область;2;2;Оплата жилищно-коммунальных услуг (ЖКХ), взносов в Фонд капитального ремонта;371;0.035279573982503
Мурманская область;3;3;Возврат или зачет излишне уплаченных или излишне взысканных сумм налогов, сборов, взносов, пеней и штрафов;370;0.035184480791175
Мурманская область;4;4;Контроль и надзор в налоговой сфере;320;0.030429821224800
Мурманская область;5;5;Учет налогоплательщиков. Получение и отказ от ИНН;288;0.027386839102320
Мурманская область;6;6;Транспортный налог;234;0.022251806770635
Мурманская область;7;7;Уборка снега, опавших листьев, мусора и посторонних предметов;234;0.022251806770635
Мурманская область;8;8;Организация работы с налогоплательщиками;228;0.021681247622670
Мурманская область;9;9;Лечение и оказание медицинской помощи;210;0.019969570178775
Мурманская область;10;10;Комплексное благоустройство;203;0.019303917839483
Ненецкий автономный округ;1;1;Права и свободы человека и гражданина;66;0.136929460580913
Ненецкий автономный округ;2;2;Налог на имущество;20;0.041493775933610
Ненецкий автономный округ;3;3;Поступление на государственную службу Российской Федерации;16;0.033195020746888
Ненецкий автономный округ;4;4;Предоставление дополнительных льгот отдельным категориям граждан, установленных законодательством субъекта Российской Федерации (в том числе предоставление земельных участков многодетным семьям и др.);15;0.031120331950207
Ненецкий автономный округ;5;5;Налог на доходы физических лиц;15;0.031120331950207
Ненецкий автономный округ;6;6;Загрязнение окружающей среды, сбросы, выбросы, отходы;14;0.029045643153527
Ненецкий автономный округ;7;7;Запросы архивных данных;12;0.024896265560166
Ненецкий автономный округ;8;8;Предоставление жилого помещения по договору коммерческого найма;12;0.024896265560166
Ненецкий автономный округ;9;9;Содержание общего имущества (канализация, вентиляция, кровля, ограждающие конструкции, инженерное оборудование, места общего пользования, придомовая территория);12;0.024896265560166
Ненецкий автономный округ;10;10;Социальное обеспечение, социальная поддержка и социальная помощь семьям, имеющим детей, в том числе многодетным семьям и одиноким родителям, гражданам пожилого возраста, гражданам, находящимся в трудной жизненной ситуации, малоимущим гражданам;12;0.024896265560166
Нижегородская область;1;1;Комплексное благоустройство;2195;0.076592923441971
Нижегородская область;2;2;Налог на доходы физических лиц;1962;0.068462558447903
Нижегородская область;3;3;Возврат или зачет излишне уплаченных или излишне взысканных сумм налогов, сборов, взносов, пеней и штрафов;1608;0.056109986740177
Нижегородская область;4;4;Задолженность но налогам, сборам и взносам в бюджеты государственных внебюджетных фондов;830;0.028962244399470
Нижегородская область;5;5;Учет налогоплательщиков. Получение и отказ от ИНН;762;0.026589434014935
Нижегородская область;6;6;Содержание общего имущества (канализация, вентиляция, кровля, ограждающие конструкции, инженерное оборудование, места общего пользования, придомовая территория);725;0.025298346011585
Нижегородская область;7;7;Лечение и оказание медицинской помощи;608;0.021215716379371
Нижегородская область;8;8;Благоустройство и ремонт подъездных дорог, в том числе тротуаров;580;0.020238676809268
Нижегородская область;9;9;Уборка снега, опавших листьев, мусора и посторонних предметов;552;0.019261637239165
Нижегородская область;10;10;Права и свободы человека и гражданина Подвопрос: за рубежом;534;0.018633540372671
Новгородская область;1;1;Налог на доходы физических лиц;338;0.081035722848238
Новгородская область;2;2;Налог на имущество;212;0.050827139774634
Новгородская область;3;3;Организация работы с налогоплательщиками;209;0.050107887796691
Новгородская область;4;4;Комплексное благоустройство;153;0.036681850875090
Новгородская область;5;5;Транспортный налог;148;0.035483097578518
Новгородская область;6;6;Возврат или зачет излишне уплаченных или излишне взысканных сумм налогов, сборов, взносов, пеней и штрафов;101;0.024214816590746
Новгородская область;7;7;Государственная регистрация прав на недвижимое имущество и сделок с ним;96;0.023016063294174
Новгородская область;8;8;Задолженность но налогам, сборам и взносам в бюджеты государственных внебюджетных фондов;92;0.022057060656917
Новгородская область;9;9;Содержание общего имущества (канализация, вентиляция, кровля, ограждающие конструкции, инженерное оборудование, места общего пользования, придомовая территория);85;0.020378806041717
Новгородская область;10;10;Права и свободы человека и гражданина;82;0.019659554063774
Новосибирская область;1;1;Налог на доходы физических лиц;2466;0.066959921798631
Новосибирская область;2;2;Возврат или зачет излишне уплаченных или излишне взысканных сумм налогов, сборов, взносов, пеней и штрафов;1833;0.049771912675138
Новосибирская область;3;3;Транспортный налог;1434;0.038937764744216
Новосибирская область;4;4;Задолженность но налогам, сборам и взносам в бюджеты государственных внебюджетных фондов;1191;0.032339524275008
Новосибирская область;5;5;Опека и попечительство. Службы по обслуживанию детей, оказавшихся в трудной жизненной ситуации;991;0.026908873683067
Новосибирская область;6;6;Актуализация сведений об объектах налогообложения;978;0.026555881394591
Новосибирская область;7;7;Налог на имущество;891;0.024193548387097
Новосибирская область;8;8;Комплексное благоустройство;829;0.022510046703595
Новосибирская область;9;9;Содержание общего имущества (канализация, вентиляция, кровля, ограждающие конструкции, инженерное оборудование, места общего пользования, придомовая территория);803;0.021804062126643
Новосибирская область;10;10;Оплата жилищно-коммунальных услуг (ЖКХ), взносов в Фонд капитального ремонта;720;0.019550342130987
Омская область;1;1;Налог на доходы физических лиц;1114;0.044836190936167
Омская область;2;2;Налог на имущество;1081;0.043508009337519
Омская область;3;3;Обращение с твердыми коммунальными отходами;995;0.040046687595589
Омская область;4;4;Транспортный налог;813;0.032721564839411
Омская область;5;5;Содержание общего имущества (канализация, вентиляция, кровля, ограждающие конструкции, инженерное оборудование, места общего пользования, придомовая территория);579;0.023303549867182
Омская область;6;6;Комплексное благоустройство;507;0.020405699106496
Омская область;7;7;Оплата жилищно-коммунальных услуг (ЖКХ), взносов в Фонд капитального ремонта;493;0.019842228125252
Омская область;8;8;Учет налогоплательщиков. Получение и отказ от ИНН;464;0.018675038235531
Омская область;9;9;Регистрация юридических лиц, физических лиц в качестве индивидуальных предпринимателей и крестьянских (фермерских) хозяйств;458;0.018433550672140
Омская область;10;10;Выплата заработной платы;455;0.018312806890445
Оренбургская область;1;1;Налог на доходы физических лиц;565;0.049819239925932
Оренбургская область;2;2;Возврат или зачет излишне уплаченных или излишне взысканных сумм налогов, сборов, взносов, пеней и штрафов;398;0.035093907062869
Оренбургская область;3;3;Организация работы с налогоплательщиками;348;0.030685124768539
Оренбургская область;4;4;Оплата жилищно-коммунальных услуг (ЖКХ), взносов в Фонд капитального ремонта;332;0.029274314434353
Оренбургская область;5;5;Содержание общего имущества (канализация, вентиляция, кровля, ограждающие конструкции, инженерное оборудование, места общего пользования, придомовая территория);315;0.027775328454281
Оренбургская область;6;6;Работа медицинских учреждений и их сотрудников;287;0.025306410369456
Оренбургская область;7;7;Налог на имущество;233;0.020544925491579
Оренбургская область;8;8;Регистрация юридических лиц, физических лиц в качестве индивидуальных предпринимателей и крестьянских (фермерских) хозяйств;232;0.020456749845693
Оренбургская область;9;9;Права и свободы человека и гражданина;229;0.020192222908033
Оренбургская область;10;10;Лечение и оказание медицинской помощи;217;0.019134115157394
Орловская область;1;1;Содержание общего имущества (канализация, вентиляция, кровля, ограждающие конструкции, инженерное оборудование, места общего пользования, придомовая территория);549;0.077280405405405
Орловская область;2;2;Налог на имущество;430;0.060529279279279
Орловская область;3;3;Возврат или зачет излишне уплаченных или излишне взысканных сумм налогов, сборов, взносов, пеней и штрафов;330;0.046452702702703
Орловская область;4;4;ОСАГО;258;0.036317567567568
Орловская область;5;5;Организация работы с налогоплательщиками;237;0.033361486486486
Орловская область;6;6;Комплексное благоустройство;187;0.026323198198198
Орловская область;7;7;Задолженность но налогам, сборам и взносам в бюджеты государственных внебюджетных фондов;160;0.022522522522523
Орловская область;8;8;Строительство и реконструкция дорог;152;0.021396396396396
Орловская область;9;9;Деятельность органов дознания и следствия;147;0.020692567567568
Орловская область;10;10;Транспортный налог;130;0.018299549549550
Пензенская область;1;1;Организация работы с налогоплательщиками;534;0.079358002674989
Пензенская область;2;2;Налог на доходы физических лиц;293;0.043542874126913
Пензенская область;3;3;Оплата жилищно-коммунальных услуг (ЖКХ), взносов в Фонд капитального ремонта;288;0.042799821667410
Пензенская область;4;4;Деятельность органов дознания и следствия;201;0.029870708872046
Пензенская область;5;5;Комплексное благоустройство;184;0.027344330509734
Пензенская область;6;6;Транспортный налог;174;0.025858225590727
Пензенская область;7;7;Возврат или зачет излишне уплаченных или излишне взысканных сумм налогов, сборов, взносов, пеней и штрафов;148;0.021994352801308
Пензенская область;8;8;Налог на имущество;125;0.018576311487591
Пензенская область;9;9;Права и свободы человека и гражданина;122;0.018130480011889
Пензенская область;10;10;Актуализация сведений об объектах налогообложения;117;0.017387427552385
Пермский край;1;1;Организация работы с налогоплательщиками;1510;0.058504455637350
Пермский край;2;2;Права и свободы человека и гражданина;1341;0.051956605966680
Пермский край;3;3;Налог на доходы физических лиц;1249;0.048392096086788
Пермский край;4;4;Возврат или зачет излишне уплаченных или излишне взысканных сумм налогов, сборов, взносов, пеней и штрафов;968;0.037504843084076
Пермский край;5;5;Задолженность но налогам, сборам и взносам в бюджеты государственных внебюджетных фондов;665;0.025765207283998
Пермский край;6;6;Комплексное благоустройство;613;0.023750484308408
Пермский край;7;7;Предоставление коммунальных услуг ненадлежащего качества;539;0.020883378535451
Пермский край;8;8;Налог на имущество;537;0.020805889190236
Пермский край;9;9;Поступление в образовательные организации Подвопрос: дошкольное образование;508;0.019682293684618
Пермский край;10;10;Содержание общего имущества (канализация, вентиляция, кровля, ограждающие конструкции, инженерное оборудование, места общего пользования, придомовая территория);472;0.018287485470748
Приморский край;1;1;Организация работы с налогоплательщиками;1314;0.096369636963696
Приморский край;2;2;Деятельность органов дознания и следствия;590;0.043270993766043
Приморский край;3;3;Задолженность но налогам, сборам и взносам в бюджеты государственных внебюджетных фондов;555;0.040704070407041
Приморский край;4;4;Транспортный налог;512;0.037550421708838
Приморский край;5;5;Налог на имущество;442;0.032416574990832
Приморский край;6;6;Актуализация сведений об объектах налогообложения;390;0.028602860286029
Приморский край;7;7;Возврат или зачет излишне уплаченных или излишне взысканных сумм налогов, сборов, взносов, пеней и штрафов;370;0.027136046938027
Приморский край;8;8;Налог на доходы физических лиц;367;0.026916024935827
Приморский край;9;9;Содержание общего имущества (канализация, вентиляция, кровля, ограждающие конструкции, инженерное оборудование, места общего пользования, придомовая территория);295;0.021635496883022
Приморский край;10;10;Выплата заработной платы;292;0.021415474880821
Псковская область;1;1;Государственные награды. Награды и почетные знаки субъекта Российской Федерации. Ведомственные награды. Награды органов местного самоуправления;446;0.124095715080690
Псковская область;2;2;Организация работы с налогоплательщиками;250;0.069560378408459
Псковская область;3;3;Арендные отношения в области землепользования;214;0.059543683917641
Псковская область;4;4;Права и свободы человека и гражданина;159;0.044240400667780
Псковская область;5;5;Комплексное благоустройство;116;0.032276015581525
Псковская область;6;6;Налог на имущество;106;0.029493600445186
Псковская область;7;7;Актуализация сведений об объектах налогообложения;94;0.026154702281580
Псковская область;8;8;Земельный налог;89;0.024763494713411
Псковская область;9;9;Задолженность но налогам, сборам и взносам в бюджеты государственных внебюджетных фондов;88;0.024485253199777
Псковская область;10;10;Возврат или зачет излишне уплаченных или излишне взысканных сумм налогов, сборов, взносов, пеней и штрафов;75;0.020868113522538
Республика Адыгея;1;1;Деятельность судебных приставов;118;0.096326530612245
Республика Адыгея;2;2;Организация работы с налогоплательщиками;70;0.057142857142857
Республика Адыгея;3;3;Налог на доходы физических лиц;56;0.045714285714286
Республика Адыгея;4;4;Возврат или зачет излишне уплаченных или излишне взысканных сумм налогов, сборов, взносов, пеней и штрафов;53;0.043265306122449
Республика Адыгея;5;5;Задолженность но налогам, сборам и взносам в бюджеты государственных внебюджетных фондов;41;0.033469387755102
Республика Адыгея;6;6;Выплата заработной платы;39;0.031836734693878
Республика Адыгея;7;7;Налог на имущество;28;0.022857142857143
Республика Адыгея;8;8;Учет налогоплательщиков. Получение и отказ от ИНН;26;0.021224489795918
Республика Адыгея;9;9;Права и свободы человека и гражданина;26;0.021224489795918
Республика Адыгея;10;10;Эксплуатация и ремонт государственного, муниципального и ведомственного жилищного фондов;21;0.017142857142857
Республика Алтай;1;1;Государственный жилищный контроль;31;0.028181818181818
Республика Алтай;2;2;Просьбы об оказании финансовой помощи;30;0.027272727272727
Республика Алтай;3;3;Благоустройство и ремонт подъездных дорог, в том числе тротуаров;29;0.026363636363636
Республика Алтай;4;4;Учет налогоплательщиков. Получение и отказ от ИНН;27;0.024545454545455
Республика Алтай;5;5;Налог на доходы физических лиц;25;0.022727272727273
Республика Алтай;6;6;Актуализация сведений об объектах налогообложения;24;0.021818181818182
Республика Алтай;7;7;Заработная плата педагогических работников;23;0.020909090909091
Республика Алтай;8;8;Деятельность органов дознания и следствия;20;0.018181818181818
Республика Алтай;9;9;Задолженность но налогам, сборам и взносам в бюджеты государственных внебюджетных фондов;19;0.017272727272727
Республика Алтай;10;10;Трудовые отношения. Заключение, изменение и прекращение трудового договора;19;0.017272727272727
Республика Башкортостан;1;1;Организация работы с налогоплательщиками;1464;0.071578741504914
Республика Башкортостан;2;2;Налог на доходы физических лиц;1211;0.059208918007138
Республика Башкортостан;3;3;Задолженность но налогам, сборам и взносам в бюджеты государственных внебюджетных фондов;803;0.039260744145113
Республика Башкортостан;4;4;Деятельность судебных приставов;569;0.027819879724246
Республика Башкортостан;5;5;Выплата заработной платы;496;0.024250721165599
Республика Башкортостан;6;6;Получение разрешения на выезд из Российской Федерации. Ограничение выезда в связи с прохождением службы Подвопрос: участие субъектов Российской Федерации в отношениях, регулируемых гражданским законодательством;482;0.023566225003667
Республика Башкортостан;7;7;Возврат или зачет излишне уплаченных или излишне взысканных сумм налогов, сборов, взносов, пеней и штрафов;447;0.021854984598836
Республика Башкортостан;8;8;Транспортный налог;436;0.021317166185890
Республика Башкортостан;9;9;Содержание общего имущества (канализация, вентиляция, кровля, ограждающие конструкции, инженерное оборудование, места общего пользования, придомовая территория);391;0.019116999951107
Республика Башкортостан;10;10;Получение налоговых уведомлений об уплате налога;323;0.015792304307437
Республика Бурятия;1;1;Организация работы с налогоплательщиками;285;0.060535259133390
Республика Бурятия;2;2;Нехватка мест в дошкольных образовательных организациях;239;0.050764655904843
Республика Бурятия;3;3;Налог на доходы физических лиц;184;0.039082412914189
Республика Бурятия;4;4;Транспортный налог;152;0.032285471537808
Республика Бурятия;5;5;Налог на имущество;142;0.030161427357689
Республика Бурятия;6;6;Права и свободы человека и гражданина;91;0.019328802039082
Республика Бурятия;7;7;Земельный налог;86;0.018266779949023
Республика Бурятия;8;8;Возврат или зачет излишне уплаченных или излишне взысканных сумм налогов, сборов, взносов, пеней и штрафов;72;0.015293118096856
Республика Бурятия;9;9;Оплата коммунальных услуг и электроэнергии, в том числе льготы;72;0.015293118096856
Республика Бурятия;10;10;Задолженность но налогам, сборам и взносам в бюджеты государственных внебюджетных фондов;68;0.014443500424809
Республика Дагестан;1;1;Организация работы с налогоплательщиками;458;0.068348007760036
Республика Дагестан;2;2;Права и свободы человека и гражданина Подвопрос: за рубежом;380;0.056707954036711
Республика Дагестан;3;3;Возврат или зачет излишне уплаченных или излишне взысканных сумм налогов, сборов, взносов, пеней и штрафов;333;0.049694075511118
Республика Дагестан;4;4;Градостроительство. Архитектура и проектирование;275;0.041038650947620
Республика Дагестан;5;5;Задолженность но налогам, сборам и взносам в бюджеты государственных внебюджетных фондов;250;0.037307864497836
Республика Дагестан;6;6;Налог на доходы физических лиц;204;0.030443217430234
Республика Дагестан;7;7;Тарифы и льготы на бытовое услуги;180;0.026861662438442
Республика Дагестан;8;8;Деятельность субъектов торговли, торговые точки, организация торговли;126;0.018803163706909
Республика Дагестан;9;9;Исполнение судебных решений;123;0.018355469332935
Республика Дагестан;10;10;Действие (бездействие) при рассмотрении обращения;118;0.017609312042979
Республика Ингушетия;1;1;Деятельность органов дознания и следствия;23;0.048523206751055
Республика Ингушетия;2;2;Трудовые отношения. Заключение, изменение и прекращение трудового договора;18;0.037974683544304
Республика Ингушетия;3;3;Социальное обеспечение, социальная поддержка и социальная помощь семьям, имеющим детей, в том числе многодетным семьям и одиноким родителям, гражданам пожилого возраста, гражданам, находящимся в трудной жизненной ситуации, малоимущим гражданам;18;0.037974683544304
Республика Ингушетия;4;4;Деятельность федеральных государственных органов, министерств и других федеральных органов исполнительной власти. Принимаемые решения;15;0.031645569620253
Республика Ингушетия;5;5;Просьбы об оказании финансовой помощи;13;0.027426160337553
Республика Ингушетия;6;6;Переселение из подвалов, бараков, коммуналок, общежитий, аварийных домов, ветхого жилья, санитарно-защитной зоны;12;0.025316455696203
Республика Ингушетия;7;7;Лекарственное обеспечение;11;0.023206751054852
Республика Ингушетия;8;8;Защита прав на землю и рассмотрение земельных споров;11;0.023206751054852
Республика Ингушетия;9;9;Выделение земельных участков для индивидуального жилищного строительства;10;0.021097046413502
Республика Ингушетия;10;10;Трудоустройство. Безработица. Органы службы занятости. Государственные услуги в области содействия занятости населения;10;0.021097046413502
Республика Калмыкия;1;1;Налог на доходы физических лиц;39;0.041980624327234
Республика Калмыкия;2;2;Контроль исполнения налогового законодательства физическими и юридическими лицами;38;0.040904198062433
Республика Калмыкия;3;3;Организация работы с налогоплательщиками;31;0.033369214208827
Республика Калмыкия;4;4;Права и свободы человека и гражданина;26;0.027987082884822
Республика Калмыкия;5;5;Качество товаров. Защита прав потребителей;24;0.025834230355221
Республика Калмыкия;6;6;Актуализация сведений об объектах налогообложения;23;0.024757804090420
Республика Калмыкия;7;7;Учет налогоплательщиков. Получение и отказ от ИНН;22;0.023681377825619
Республика Калмыкия;8;8;Назначение пенсии;19;0.020452099031216
Республика Калмыкия;9;9;Содержание общего имущества (канализация, вентиляция, кровля, ограждающие конструкции, инженерное оборудование, места общего пользования, придомовая территория);18;0.019375672766416
Республика Калмыкия;10;10;Деятельность органов дознания и следствия;18;0.019375672766416
Республика Карелия;1;1;Организация работы с налогоплательщиками;932;0.180655165729793
Республика Карелия;2;2;Деятельность органов дознания и следствия;233;0.045163791432448
Республика Карелия;3;3;Актуализация сведений об объектах налогообложения;200;0.038767202946307
Республика Карелия;4;4;Охрана объектов животного мира и среды их обитания;184;0.035665826710603
Республика Карелия;5;5;Возврат или зачет излишне уплаченных или излишне взысканных сумм налогов, сборов, взносов, пеней и штрафов;172;0.033339794533824
Республика Карелия;6;6;Переселение из подвалов, бараков, коммуналок, общежитий, аварийных домов, ветхого жилья, санитарно-защитной зоны;111;0.021515797635201
Республика Карелия;7;7;Права и свободы человека и гражданина Подвопрос: за рубежом;106;0.020546617561543
Республика Карелия;8;8;Налог на доходы физических лиц;85;0.016476061252181
Республика Карелия;9;9;Назначение пенсии;72;0.013956193060671
Республика Карелия;10;10;Лечение и оказание медицинской помощи;65;0.012599340957550
Республика Коми;1;1;Содержание общего имущества (канализация, вентиляция, кровля, ограждающие конструкции, инженерное оборудование, места общего пользования, придомовая территория);371;0.047442455242967
Республика Коми;2;2;Налог на доходы физических лиц;352;0.045012787723785
Республика Коми;3;3;Актуализация сведений об объектах налогообложения;274;0.035038363171356
Республика Коми;4;4;Налог на имущество;252;0.032225063938619
Республика Коми;5;5;Оплата жилищно-коммунальных услуг (ЖКХ), взносов в Фонд капитального ремонта;240;0.030690537084399
Республика Коми;6;6;Возврат или зачет излишне уплаченных или излишне взысканных сумм налогов, сборов, взносов, пеней и штрафов;196;0.025063938618926
Республика Коми;7;7;Задолженность но налогам, сборам и взносам в бюджеты государственных внебюджетных фондов;170;0.021739130434783
Республика Коми;8;8;Отбывание наказания в исправительных учреждениях;160;0.020460358056266
Республика Коми;9;9;Организация работы с налогоплательщиками;134;0.017135549872123
Республика Коми;10;10;Управляющие организации, товарищества собственников жилья и иные формы управления собственностью;131;0.016751918158568
Республика Крым;1;1;Права и свободы человека и гражданина;930;0.038355260444591
Республика Крым;2;2;Организация работы с налогоплательщиками;733;0.030230543984823
Республика Крым;3;3;Градостроительство. Архитектура и проектирование;617;0.025446446983132
Республика Крым;4;4;Комплексное благоустройство;605;0.024951540396750
Республика Крым;5;5;Результаты рассмотрения обращения;567;0.023384336206541
Республика Крым;6;6;Перерасчет размеров пенсий;561;0.023136882913350
Республика Крым;7;7;Деятельность органов исполнительной власти субъекта Российской Федерации. Принимаемые решения;524;0.021610920938673
Республика Крым;8;8;Защита прав на землю и рассмотрение земельных споров;458;0.018888934713573
Республика Крым;9;9;Содержание общего имущества (канализация, вентиляция, кровля, ограждающие конструкции, инженерное оборудование, места общего пользования, придомовая территория);401;0.016538128428259
Республика Крым;10;10;Выполнение государственных требований при осуществлении строительной деятельности, соблюдение СНИПов;388;0.016001979626346
Республика Марий Эл;1;1;Налог на доходы физических лиц;240;0.088659032138899
Республика Марий Эл;2;2;Возврат или зачет излишне уплаченных или излишне взысканных сумм налогов, сборов, взносов, пеней и штрафов;214;0.079054303657185
Республика Марий Эл;3;3;Учет налогоплательщиков. Получение и отказ от ИНН;101;0.037310676025120
Республика Марий Эл;4;4;Налог на имущество;98;0.036202438123384
Республика Марий Эл;5;5;Оплата жилищно-коммунальных услуг (ЖКХ), взносов в Фонд капитального ремонта;96;0.035463612855560
Республика Марий Эл;6;6;Транспортный налог;85;0.031400073882527
Республика Марий Эл;7;7;Оказание услуг в электронной форме. Пользование информационными ресурсами;82;0.030291835980791
Республика Марий Эл;8;8;Организация работы с налогоплательщиками;81;0.029922423346878
Республика Марий Эл;9;9;Задолженность но налогам, сборам и взносам в бюджеты государственных внебюджетных фондов;55;0.020317694865164
Республика Марий Эл;10;10;Противопожарная служба, соблюдение норм противопожарной безопасности;52;0.019209456963428
Республика Мордовия;1;1;Организация работы с налогоплательщиками;178;0.080506558118498
Республика Мордовия;2;2;Налог на доходы физических лиц;103;0.046585255540479
Республика Мордовия;3;3;Государственный кадастровый учет недвижимого имущества;80;0.036182722749887
Республика Мордовия;4;4;Комплексное благоустройство;64;0.028946178199910
Республика Мордовия;5;5;Содержание общего имущества (канализация, вентиляция, кровля, ограждающие конструкции, инженерное оборудование, места общего пользования, придомовая территория);56;0.025327905924921
Республика Мордовия;6;6;Строительство и реконструкция дорог;51;0.023066485753053
Республика Мордовия;7;7;Возврат или зачет излишне уплаченных или излишне взысканных сумм налогов, сборов, взносов, пеней и штрафов;50;0.022614201718679
Республика Мордовия;8;8;Актуализация сведений об объектах налогообложения;49;0.022161917684306
Республика Мордовия;9;9;Госпошлины;48;0.021709633649932
Республика Мордовия;10;10;Транспортный налог;44;0.019900497512438
Республика Саха (Якутия);1;1;Налог на доходы физических лиц;553;0.054839349464498
Республика Саха (Якутия);2;2;Налог на имущество;542;0.053748512495042
Республика Саха (Якутия);3;3;Транспортный налог;388;0.038476794922650
Республика Саха (Якутия);4;4;Учет налогоплательщиков. Получение и отказ от ИНН;280;0.027766759222531
Республика Саха (Якутия);5;5;Организация работы с налогоплательщиками;259;0.025684252280841
Республика Саха (Якутия);6;6;Просьбы об оказании финансовой помощи;248;0.024593415311384
Республика Саха (Якутия);7;7;Градостроительство. Архитектура и проектирование;242;0.023998413328044
Республика Саха (Якутия);8;8;Деятельность органов дознания и следствия;235;0.023304244347481
Республика Саха (Якутия);9;9;Задолженность но налогам, сборам и взносам в бюджеты государственных внебюджетных фондов;225;0.022312574375248
Республика Саха (Якутия);10;10;Социальное обеспечение, социальная поддержка и социальная помощь семьям, имеющим детей, в том числе многодетным семьям и одиноким родителям, гражданам пожилого возраста, гражданам, находящимся в трудной жизненной ситуации, малоимущим гражданам;220;0.021816739389131
Республика Северная Осетия - Алания;1;1;Поступление в образовательные организации;263;0.084756687077022
Республика Северная Осетия - Алания;2;2;Социальное обеспечение, социальная поддержка и социальная помощь семьям, имеющим детей, в том числе многодетным семьям и одиноким родителям, гражданам пожилого возраста, гражданам, находящимся в трудной жизненной ситуации, малоимущим гражданам;206;0.066387367064131
Республика Северная Осетия - Алания;3;3;Образование земельных участков (образование, раздел, выдел, объединение земельных участков). Возникновение прав на землю;160;0.051563003544956
Республика Северная Осетия - Алания;4;4;Улучшение жилищных условий, предоставление жилого помещения по договору социального найма гражданам, состоящим на учете в органе местного самоуправления в качестве нуждающихся в жилых помещениях;87;0.028037383177570
Республика Северная Осетия - Алания;5;5;Градостроительство. Архитектура и проектирование;83;0.026748308088946
Республика Северная Осетия - Алания;6;6;"Полномочия государственных органов и органов местного самоуправления в области земельных отношений, в том числе связанные с ""дальневосточным гектаром""";81;0.026103770544634
Республика Северная Осетия - Алания;7;7;Стипендии, материальная помощь и другие денежные выплаты обучающимся;71;0.022881082823074
Республика Северная Осетия - Алания;8;8;Арендные отношения в области землепользования;70;0.022558814050918
Республика Северная Осетия - Алания;9;9;Результаты рассмотрения обращения;69;0.022236545278762
Республика Северная Осетия - Алания;10;10;Налог на имущество;63;0.020302932645827
Республика Татарстан;1;1;Организация работы с налогоплательщиками;3710;0.138092756644085
Республика Татарстан;2;2;Налог на доходы физических лиц;1091;0.040608948112856
Республика Татарстан;3;3;Права и свободы человека и гражданина;1058;0.039380629792303
Республика Татарстан;4;4;Деятельность органов дознания и следствия;1036;0.038561750911933
Республика Татарстан;5;5;Государственная регистрация прав на недвижимое имущество и сделок с ним;851;0.031675723963374
Республика Татарстан;6;6;Налог на имущество;594;0.022109729769969
Республика Татарстан;7;7;Транспортный налог;563;0.020955854983995
Республика Татарстан;8;8;Вопросы возбуждения уголовных дел;560;0.020844189682126
Республика Татарстан;9;9;Возврат или зачет излишне уплаченных или излишне взысканных сумм налогов, сборов, взносов, пеней и штрафов;534;0.019876423732599
Республика Татарстан;10;10;Исполнение судебных решений;416;0.015484255192437
Республика Тыва;1;1;Рассмотрение в рамках уголовно-процессуального законодательства;75;0.036855036855037
Республика Тыва;2;2;Организация работы с налогоплательщиками;75;0.036855036855037
Республика Тыва;3;3;Трудоустройство. Безработица. Органы службы занятости. Государственные услуги в области содействия занятости населения;70;0.034398034398034
Республика Тыва;4;4;Работа медицинских учреждений и их сотрудников;54;0.026535626535627
Республика Тыва;5;5;Нехватка мест в дошкольных образовательных организациях Подвопрос: дошкольное образование;50;0.024570024570025
Республика Тыва;6;6;Нехватка мест в дошкольных образовательных организациях;42;0.020638820638821
Республика Тыва;7;7;Транспортный налог;40;0.019656019656020
Республика Тыва;8;8;Социально-экономическое развитие муниципальных образований Подвопрос: начальное общее образование;39;0.019164619164619
Республика Тыва;9;9;Исполнение судебных решений;39;0.019164619164619
Республика Тыва;10;10;Обеспечение жильем детей-сирот и детей, оставшихся без попечения родителей;38;0.018673218673219
Республика Хакасия;1;1;Организация работы с налогоплательщиками;140;0.047313281514025
Республика Хакасия;2;2;Налог на доходы физических лиц;108;0.036498817167962
Республика Хакасия;3;3;Возврат или зачет излишне уплаченных или излишне взысканных сумм налогов, сборов, взносов, пеней и штрафов;100;0.033795201081446
Республика Хакасия;4;4;Права и свободы человека и гражданина Подвопрос: за рубежом;93;0.031429537005745
Республика Хакасия;5;5;Вопросы возбуждения уголовных дел;82;0.027712064886786
Республика Хакасия;6;6;Арендные отношения в области землепользования;70;0.023656640757013
Республика Хакасия;7;7;Задолженность но налогам, сборам и взносам в бюджеты государственных внебюджетных фондов;68;0.022980736735384
Республика Хакасия;8;8;Деятельность судебных приставов;66;0.022304832713755
Республика Хакасия;9;9;Транспортный налог;61;0.020615072659682
Республика Хакасия;10;10;Коммунально-бытовое хозяйство и предоставление услуг в условиях рынка;59;0.019939168638053
Ростовская область;1;1;Налог на доходы физических лиц;1569;0.058616953711660
Ростовская область;2;2;Возврат или зачет излишне уплаченных или излишне взысканных сумм налогов, сборов, взносов, пеней и штрафов;1309;0.048903500579071
Ростовская область;3;3;Задолженность но налогам, сборам и взносам в бюджеты государственных внебюджетных фондов;1047;0.039115328576232
Ростовская область;4;4;Налог на имущество;773;0.028878843351889
Ростовская область;5;5;Доступ к персонифицированной информации о состоянии расчета с бюджетом;746;0.027870138603504
Ростовская область;6;6;Комплексное благоустройство;653;0.024395711136848
Ростовская область;7;7;Учет налогоплательщиков. Получение и отказ от ИНН;585;0.021855269548324
Ростовская область;8;8;Транспортный налог;518;0.019352187394927
Ростовская область;9;9;Организация работы с налогоплательщиками;507;0.018941233608548
Ростовская область;10;10;Коммунально-бытовое хозяйство и предоставление услуг в условиях рынка;488;0.018231404341166
Рязанская область;1;1;Возврат или зачет излишне уплаченных или излишне взысканных сумм налогов, сборов, взносов, пеней и штрафов;400;0.046663555762949
Рязанская область;2;2;Организация работы с налогоплательщиками;389;0.045380307979468
Рязанская область;3;3;Деятельность органов дознания и следствия;275;0.032081194587028
Рязанская область;4;4;Налог на имущество;263;0.030681287914139
Рязанская область;5;5;Налог на доходы физических лиц;248;0.028931404573028
Рязанская область;6;6;Комплексное благоустройство;231;0.026948203453103
Рязанская область;7;7;Транспортный налог;224;0.026131591227252
Рязанская область;8;8;Оплата жилищно-коммунальных услуг (ЖКХ), взносов в Фонд капитального ремонта;223;0.026014932337844
Рязанская область;9;9;Содержание общего имущества (канализация, вентиляция, кровля, ограждающие конструкции, инженерное оборудование, места общего пользования, придомовая территория);176;0.020531964535698
Рязанская область;10;10;Санитарно-эпидемиологическое благополучие населения;174;0.020298646756883
Самарская область;1;1;Организация работы с налогоплательщиками;3091;0.115490958003288
Самарская область;2;2;Налог на доходы физических лиц;1711;0.063929158571215
Самарская область;3;3;Содержание общего имущества (канализация, вентиляция, кровля, ограждающие конструкции, инженерное оборудование, места общего пользования, придомовая территория);1144;0.042743984456733
Самарская область;4;4;Налог на имущество;1072;0.040053803616799
Самарская область;5;5;Деятельность органов дознания и следствия;858;0.032057988342550
Самарская область;6;6;Права и свободы человека и гражданина;817;0.030526079808698
Самарская область;7;7;Возврат или зачет излишне уплаченных или излишне взысканных сумм налогов, сборов, взносов, пеней и штрафов;778;0.029068898520401
Самарская область;8;8;Транспортный налог;720;0.026901808399342
Самарская область;9;9;Актуализация сведений об объектах налогообложения;587;0.021932446570019
Самарская область;10;10;Задолженность но налогам, сборам и взносам в бюджеты государственных внебюджетных фондов;575;0.021484083096697
Саратовская область;1;1;Благоустройство и ремонт подъездных дорог, в том числе тротуаров;475;0.039136524676609
Саратовская область;2;2;Налог на доходы физических лиц;401;0.033039466095411
Саратовская область;3;3;Возврат или зачет излишне уплаченных или излишне взысканных сумм налогов, сборов, взносов, пеней и штрафов;395;0.032545109994233
Саратовская область;4;4;Транспортный налог;371;0.030567685589520
Саратовская область;5;5;Налог на имущество;358;0.029496580703634
Саратовская область;6;6;Учет налогоплательщиков. Получение и отказ от ИНН;335;0.027601548982450
Саратовская область;7;7;Перерасчет размеров пенсий Подвопрос: по старости;290;0.023893878223614
Саратовская область;8;8;Задолженность но налогам, сборам и взносам в бюджеты государственных внебюджетных фондов;288;0.023729092856554
Саратовская область;9;9;Актуализация сведений об объектах налогообложения;285;0.023481914805965
Саратовская область;10;10;Содержание общего имущества (канализация, вентиляция, кровля, ограждающие конструкции, инженерное оборудование, места общего пользования, придомовая территория);239;0.019691851363599
Сахалинская область;1;1;Организация работы с налогоплательщиками;1640;0.307865590388586
Сахалинская область;2;2;Права и свободы человека и гражданина;377;0.070771541205181
Сахалинская область;3;3;Задолженность но налогам, сборам и взносам в бюджеты государственных внебюджетных фондов;347;0.065139853576122
Сахалинская область;4;4;Государственные награды. Награды и почетные знаки субъекта Российской Федерации. Ведомственные награды. Награды органов местного самоуправления;300;0.056316876290595
Сахалинская область;5;5;Транспортный налог;185;0.034728740379200
Сахалинская область;6;6;Деятельность органов дознания и следствия;166;0.031162004880796
Сахалинская область;7;7;Земельный налог;106;0.019898629622677
Сахалинская область;8;8;Налог на имущество;87;0.016331894124273
Сахалинская область;9;9;Вопросы заемщиков и кредиторов;75;0.014079219072649
Сахалинская область;10;10;Вопросы возбуждения уголовных дел;73;0.013703773230711
Свердловская область;1;1;Градостроительство. Архитектура и проектирование;11809;0.204452985681885
Свердловская область;2;2;Налог на доходы физических лиц;5306;0.091864471337800
Свердловская область;3;3;Задолженность но налогам, сборам и взносам в бюджеты государственных внебюджетных фондов;2145;0.037137069547603
Свердловская область;4;4;Возврат или зачет излишне уплаченных или излишне взысканных сумм налогов, сборов, взносов, пеней и штрафов;1840;0.031856507210997
Свердловская область;5;5;Комплексное благоустройство;1626;0.028151456915805
Свердловская область;6;6;Налог на имущество;1558;0.026974151214529
Свердловская область;7;7;Организация работы с налогоплательщиками;1513;0.026195051853391
Свердловская область;8;8;Учет налогоплательщиков. Получение и отказ от ИНН;1277;0.022109108537198
Свердловская область;9;9;Транспортный налог;1253;0.021693588877924
Свердловская область;10;10;Содержание общего имущества (канализация, вентиляция, кровля, ограждающие конструкции, инженерное оборудование, места общего пользования, придомовая территория);885;0.015322287435724
Смоленская область;1;1;Организация работы с налогоплательщиками;919;0.130336122535811
Смоленская область;2;2;Налог на доходы физических лиц;344;0.048787406041696
Смоленская область;3;3;Возврат или зачет излишне уплаченных или излишне взысканных сумм налогов, сборов, взносов, пеней и штрафов;328;0.046518224365338
Смоленская область;4;4;Налогообложение малого бизнеса, специальных налоговых режимов;298;0.042263508722167
Смоленская область;5;5;Налог на имущество;195;0.027655651680613
Смоленская область;6;6;Права и свободы человека и гражданина;178;0.025244646149482
Смоленская область;7;7;Транспортный налог;151;0.021415402070628
Смоленская область;8;8;Деятельность органов дознания и следствия;148;0.020989930506311
Смоленская область;9;9;Реклама (за исключением рекламы в СМИ);140;0.019855339668132
Смоленская область;10;10;Уборка снега, опавших листьев, мусора и посторонних предметов;131;0.018578924975181
Ставропольский край;1;1;Игорный бизнес. Лотереи;1957;0.104456898852415
Ставропольский край;2;2;Организация работы с налогоплательщиками;1130;0.060314918601548
Ставропольский край;3;3;Деятельность органов дознания и следствия;1009;0.053856418468108
Ставропольский край;4;4;Налог на имущество;435;0.023218574859888
Ставропольский край;5;5;Деятельность судебных приставов;421;0.022471310381639
Ставропольский край;6;6;Результаты рассмотрения обращения;383;0.020443021083533
Ставропольский край;7;7;Транспортный налог;352;0.018788364024553
Ставропольский край;8;8;Комплексное благоустройство;295;0.015745930077395
Ставропольский край;9;9;Возврат или зачет излишне уплаченных или излишне взысканных сумм налогов, сборов, взносов, пеней и штрафов;293;0.015639178009074
Ставропольский край;10;10;Вопросы возбуждения уголовных дел;272;0.014518281291700
Тамбовская область;1;1;Возврат или зачет излишне уплаченных или излишне взысканных сумм налогов, сборов, взносов, пеней и штрафов;296;0.053497198626423
Тамбовская область;2;2;Налог на доходы физических лиц;282;0.050966925718417
Тамбовская область;3;3;Налог на имущество;248;0.044821977227544
Тамбовская область;4;4;Задолженность но налогам, сборам и взносам в бюджеты государственных внебюджетных фондов;226;0.040845834086391
Тамбовская область;5;5;Учет налогоплательщиков. Получение и отказ от ИНН;167;0.030182541116935
Тамбовская область;6;6;Деятельность органов дознания и следствия;143;0.025844930417495
Тамбовская область;7;7;Транспортный налог;119;0.021507319718055
Тамбовская область;8;8;Организация работы с налогоплательщиками;119;0.021507319718055
Тамбовская область;9;9;Актуализация сведений об объектах налогообложения;105;0.018977046810049
Тамбовская область;10;10;Содержание общего имущества (канализация, вентиляция, кровля, ограждающие конструкции, инженерное оборудование, места общего пользования, придомовая территория);103;0.018615579251762
Тверская область;1;1;Организация работы с налогоплательщиками;666;0.071697706965228
Тверская область;2;2;Налог на имущество;501;0.053934761545915
Тверская область;3;3;Транспортный налог;457;0.049197976100764
Тверская область;4;4;Возврат или зачет излишне уплаченных или излишне взысканных сумм налогов, сборов, взносов, пеней и штрафов;428;0.046076003875552
Тверская область;5;5;Налог на доходы физических лиц;417;0.044891807514264
Тверская область;6;6;Земельный налог;338;0.036387124555926
Тверская область;7;7;Задолженность но налогам, сборам и взносам в бюджеты государственных внебюджетных фондов;329;0.035418236623964
Тверская область;8;8;Права и свободы человека и гражданина;284;0.030573796964151
Тверская область;9;9;Комплексное благоустройство;261;0.028097750026914
Тверская область;10;10;Деятельность органов дознания и следствия;143;0.015394552696738
Томская область;1;1;Организация работы с налогоплательщиками;1209;0.113691931540342
Томская область;2;2;Комплексное благоустройство;323;0.030374271205567
Томская область;3;3;Деятельность органов дознания и следствия;306;0.028775625352642
Томская область;4;4;Налог на доходы физических лиц;270;0.025390257664096
Томская область;5;5;Содержание общего имущества (канализация, вентиляция, кровля, ограждающие конструкции, инженерное оборудование, места общего пользования, придомовая территория);256;0.024073725785217
Томская область;6;6;Налог на имущество;255;0.023979687793869
Томская область;7;7;Актуализация сведений об объектах налогообложения;252;0.023697573819823
Томская область;8;8;Деятельность судебных приставов;216;0.020312206131277
Томская область;9;9;Управляющие организации, товарищества собственников жилья и иные формы управления собственностью;202;0.018995674252398
Томская область;10;10;Учет налогоплательщиков. Получение и отказ от ИНН;200;0.018807598269701
Тульская область;1;1;Налог на доходы физических лиц;1021;0.076755375131559
Тульская область;2;2;Возврат или зачет излишне уплаченных или излишне взысканных сумм налогов, сборов, взносов, пеней и штрафов;779;0.058562622162081
Тульская область;3;3;Содержание общего имущества (канализация, вентиляция, кровля, ограждающие конструкции, инженерное оборудование, места общего пользования, придомовая территория);609;0.045782589084348
Тульская область;4;4;Комплексное благоустройство;578;0.043452112464291
Тульская область;5;5;Налогообложение малого бизнеса, специальных налоговых режимов;519;0.039016689219666
Тульская область;6;6;Задолженность но налогам, сборам и взносам в бюджеты государственных внебюджетных фондов;516;0.038791159224177
Тульская область;7;7;Контроль и надзор в налоговой сфере;365;0.027439482784544
Тульская область;8;8;Транспортный налог;348;0.026161479476770
Тульская область;9;9;Налог на имущество;326;0.024507592843181
Тульская область;10;10;Учет налогоплательщиков. Получение и отказ от ИНН;296;0.022252292888287
Тюменская область;1;1;Возврат или зачет излишне уплаченных или излишне взысканных сумм налогов, сборов, взносов, пеней и штрафов;1488;0.080358589404331
Тюменская область;2;2;Налог на доходы физических лиц;1209;0.065291353891019
Тюменская область;3;3;Содержание общего имущества (канализация, вентиляция, кровля, ограждающие конструкции, инженерное оборудование, места общего пользования, придомовая территория);999;0.053950423934763
Тюменская область;4;4;Актуализация сведений об объектах налогообложения;533;0.028784360317546
Тюменская область;5;5;Учет налогоплательщиков. Получение и отказ от ИНН;521;0.028136307177189
Тюменская область;6;6;Права и свободы человека и гражданина Подвопрос: за рубежом;425;0.022951882054328
Тюменская область;7;7;Задолженность но налогам, сборам и взносам в бюджеты государственных внебюджетных фондов;424;0.022897877625965
Тюменская область;8;8;Оказание услуг в электронной форме. Пользование информационными ресурсами;382;0.020629691634714
Тюменская область;9;9;Транспортный налог;341;0.018415510071826
Тюменская область;10;10;Комплексное благоустройство;280;0.015121239941675
Удмуртская Республика;1;1;Налог на доходы физических лиц;1078;0.113235294117647
Удмуртская Республика;2;2;Права и свободы человека и гражданина;629;0.066071428571429
Удмуртская Республика;3;3;Вопросы возбуждения уголовных дел;380;0.039915966386555
Удмуртская Республика;4;4;Исполнение судебных решений;336;0.035294117647059
Удмуртская Республика;5;5;Эксплуатация и ремонт государственного, муниципального и ведомственного жилищного фондов;320;0.033613445378151
Удмуртская Республика;6;6;Транспортный налог;307;0.032247899159664
Удмуртская Республика;7;7;Возврат или зачет излишне уплаченных или излишне взысканных сумм налогов, сборов, взносов, пеней и штрафов;300;0.031512605042017
Удмуртская Республика;8;8;Деятельность органов дознания и следствия;283;0.029726890756303
Удмуртская Республика;9;9;Комплексное благоустройство;260;0.027310924369748
Удмуртская Республика;10;10;Оказание услуг в электронной форме. Пользование информационными ресурсами;222;0.023319327731092
Ульяновская область;1;1;Организация работы с налогоплательщиками;935;0.101597305226557
Ульяновская область;2;2;Комплексное благоустройство;460;0.049983700967076
Ульяновская область;3;3;Возврат или зачет излишне уплаченных или излишне взысканных сумм налогов, сборов, взносов, пеней и штрафов;314;0.034119308921004
Ульяновская область;4;4;Налог на имущество;279;0.030316201238727
Ульяновская область;5;5;Деятельность органов дознания и следствия;275;0.029881560360752
Ульяновская область;6;6;Лекарственное обеспечение;237;0.025752472019993
Ульяновская область;7;7;Нарушение правил парковки автотранспорта, в том числе на внутридворовой территории и вне организованных автостоянок;195;0.021188742801260
Ульяновская область;8;8;Содержание общего имущества (канализация, вентиляция, кровля, ограждающие конструкции, инженерное оборудование, места общего пользования, придомовая территория);179;0.019450179289362
Ульяновская область;9;9;Права и свободы человека и гражданина;167;0.018146256655438
Ульяновская область;10;10;Уборка снега, опавших листьев, мусора и посторонних предметов;155;0.016842334021515
Хабаровский край;1;1;Содержание общего имущества (канализация, вентиляция, кровля, ограждающие конструкции, инженерное оборудование, места общего пользования, придомовая территория);1591;0.083455728073856
Хабаровский край;2;2;Организация работы с налогоплательщиками;809;0.042436005035669
Хабаровский край;3;3;Налог на доходы физических лиц;691;0.036246328157784
Хабаровский край;4;4;Права и свободы человека и гражданина;454;0.023814519513219
Хабаровский край;5;5;Налогообложение малого бизнеса, специальных налоговых режимов;443;0.023237515736467
Хабаровский край;6;6;Управляющие организации, товарищества собственников жилья и иные формы управления собственностью;413;0.021663869072598
Хабаровский край;7;7;Эксплуатация и ремонт государственного, муниципального и ведомственного жилищного фондов;403;0.021139320184641
Хабаровский край;8;8;Оплата жилищно-коммунальных услуг (ЖКХ), взносов в Фонд капитального ремонта;345;0.018096936634494
Хабаровский край;9;9;Деятельность органов дознания и следствия;339;0.017782207301721
Хабаровский край;10;10;Благоустройство и ремонт подъездных дорог, в том числе тротуаров;289;0.015159462861939
Ханты-Мансийский автономный округ - Югра;1;1;Организация работы с налогоплательщиками;1356;0.089759714039849
Ханты-Мансийский автономный округ - Югра;2;2;Налог на доходы физических лиц;1038;0.068709869596876
Ханты-Мансийский автономный округ - Югра;3;3;Налог на имущество;583;0.038591381478785
Ханты-Мансийский автономный округ - Югра;4;4;Актуализация сведений об объектах налогообложения;512;0.033891573442775
Ханты-Мансийский автономный округ - Югра;5;5;Государственные награды. Награды и почетные знаки субъекта Российской Федерации. Ведомственные награды. Награды органов местного самоуправления;509;0.033692990004634
Ханты-Мансийский автономный округ - Югра;6;6;Возврат или зачет излишне уплаченных или излишне взысканных сумм налогов, сборов, взносов, пеней и штрафов;500;0.033097239690210
Ханты-Мансийский автономный округ - Югра;7;7;Транспортный налог;496;0.032832461772688
Ханты-Мансийский автономный округ - Югра;8;8;Права и свободы человека и гражданина;358;0.023697623618190
Ханты-Мансийский автономный округ - Югра;9;9;Учет налогоплательщиков. Получение и отказ от ИНН;303;0.020056927252267
Ханты-Мансийский автономный округ - Югра;10;10;Задолженность но налогам, сборам и взносам в бюджеты государственных внебюджетных фондов;259;0.017144370159529
Челябинская область;1;1;Права и свободы человека и гражданина;2447;0.084519204200055
Челябинская область;2;2;Налог на доходы физических лиц;1956;0.067560099474993
Челябинская область;3;3;Возврат или зачет излишне уплаченных или излишне взысканных сумм налогов, сборов, взносов, пеней и штрафов;1934;0.066800221055540
Челябинская область;4;4;Задолженность но налогам, сборам и взносам в бюджеты государственных внебюджетных фондов;1011;0.034919867366676
Челябинская область;5;5;Деятельность органов дознания и следствия;895;0.030913235700470
Челябинская область;6;6;Эксплуатация и ремонт государственного, муниципального и ведомственного жилищного фондов;891;0.030775075987842
Челябинская область;7;7;Налог на имущество;806;0.027839182094501
Челябинская область;8;8;Транспортный налог;795;0.027459242884775
Челябинская область;9;9;Комплексное благоустройство;745;0.025732246476927
Челябинская область;10;10;Организация работы с налогоплательщиками;689;0.023798010500138
Чеченская Республика;1;1;Тарифы и льготы на бытовое услуги;171;0.096774193548387
Чеченская Республика;2;2;Улучшение жилищных условий, предоставление жилого помещения по договору социального найма гражданам, состоящим на учете в органе местного самоуправления в качестве нуждающихся в жилых помещениях;97;0.054895302773062
Чеченская Республика;3;3;Качество оказания услуг связи;65;0.036785512167516
Чеченская Республика;4;4;Правительственная связь и иные виды специальной связи. Фельдъегерская связь;60;0.033955857385399
Чеченская Республика;5;5;Прохождение военной службы по контракту, продление контракта, увольнение с военной службы, в том числе досрочное;55;0.031126202603282
Чеченская Республика;6;6;Тарифы на услуги связи. Оплата услуг связи;55;0.031126202603282
Чеченская Республика;7;7;Налог на имущество;54;0.030560271646859
Чеченская Республика;8;8;Организация работы с налогоплательщиками;52;0.029428409734012
Чеченская Республика;9;9;Просьбы об оказании финансовой помощи;51;0.028862478777589
Чеченская Республика;10;10;Действие (бездействие) при рассмотрении обращения;40;0.022637238256933
Чувашская Республика;1;1;Налог на доходы физических лиц;418;0.057886719290957
Чувашская Республика;2;2;Расходы федерального бюджета;258;0.035729123390112
Чувашская Республика;3;3;Учет налогоплательщиков. Получение и отказ от ИНН;254;0.035175183492591
Чувашская Республика;4;4;Содержание общего имущества (канализация, вентиляция, кровля, ограждающие конструкции, инженерное оборудование, места общего пользования, придомовая территория);235;0.032543968979366
Чувашская Республика;5;5;Оплата жилищно-коммунальных услуг (ЖКХ), взносов в Фонд капитального ремонта;212;0.029358814568619
Чувашская Республика;6;6;Актуализация сведений об объектах налогообложения;129;0.017864561695056
Чувашская Республика;7;7;Комплексное благоустройство;121;0.016756681900014
Чувашская Республика;8;8;Задолженность но налогам, сборам и взносам в бюджеты государственных внебюджетных фондов;114;0.015787287079352
Чувашская Республика;9;9;Обращение с твердыми коммунальными отходами;104;0.014402437335549
Чувашская Республика;10;10;Банковские переводы Подвопрос: на территории Российской Федерации;93;0.012879102617366
Чукотский автономный округ;1;1;Надзор и контроль за соблюдением трудового законодательства;50;0.111358574610245
Чукотский автономный округ;2;2;Организация работы с налогоплательщиками;44;0.097995545657016
Чукотский автономный округ;3;3;Запросы архивных данных;23;0.051224944320713
Чукотский автономный округ;4;4;Трудовой стаж и трудовые книжки;21;0.046770601336303
Чукотский автономный округ;5;5;Актуализация сведений об объектах налогообложения;18;0.040089086859688
Чукотский автономный округ;6;6;Налог на имущество;16;0.035634743875278
Чукотский автономный округ;7;7;Транспортный налог;12;0.026726057906459
Чукотский автономный округ;8;8;Регистрация по месту жительства и пребывания;11;0.024498886414254
Чукотский автономный округ;9;9;Жалобы на действия (бездействие) судей федеральных судов, мировых судей при рассмотрении дел;9;0.020044543429844
Чукотский автономный округ;10;10;Возврат или зачет излишне уплаченных или излишне взысканных сумм налогов, сборов, взносов, пеней и штрафов;8;0.017817371937639
Ямало-Ненецкий автономный округ;1;1;Налог на имущество;396;0.060365853658537
Ямало-Ненецкий автономный округ;2;2;Учет налогоплательщиков. Получение и отказ от ИНН;377;0.057469512195122
Ямало-Ненецкий автономный округ;3;3;Налог на доходы физических лиц;353;0.053810975609756
Ямало-Ненецкий автономный округ;4;4;Возврат или зачет излишне уплаченных или излишне взысканных сумм налогов, сборов, взносов, пеней и штрафов;293;0.044664634146341
Ямало-Ненецкий автономный округ;5;5;Транспортный налог;274;0.041768292682927
Ямало-Ненецкий автономный округ;6;6;Задолженность но налогам, сборам и взносам в бюджеты государственных внебюджетных фондов;260;0.039634146341463
Ямало-Ненецкий автономный округ;7;7;Оказание услуг в электронной форме. Пользование информационными ресурсами;245;0.037347560975610
Ямало-Ненецкий автономный округ;8;8;Налоговая отчетность;226;0.034451219512195
Ямало-Ненецкий автономный округ;9;9;Актуализация сведений об объектах налогообложения;220;0.033536585365854
Ямало-Ненецкий автономный округ;10;10;Содержание общего имущества (канализация, вентиляция, кровля, ограждающие конструкции, инженерное оборудование, места общего пользования, придомовая территория);182;0.027743902439024
Ярославская область;1;1;Налог на доходы физических лиц;973;0.095308061514350
Ярославская область;2;2;Задолженность но налогам, сборам и взносам в бюджеты государственных внебюджетных фондов;888;0.086982074640024
Ярославская область;3;3;Возврат или зачет излишне уплаченных или излишне взысканных сумм налогов, сборов, взносов, пеней и штрафов;614;0.060143011068665
Ярославская область;4;4;Содержание общего имущества (канализация, вентиляция, кровля, ограждающие конструкции, инженерное оборудование, места общего пользования, придомовая территория);409;0.040062689783524
Ярославская область;5;5;Оплата жилищно-коммунальных услуг (ЖКХ), взносов в Фонд капитального ремонта;370;0.036242531100010
Ярославская область;6;6;Налог на имущество;338;0.033108041923793
Ярославская область;7;7;Учет налогоплательщиков. Получение и отказ от ИНН;275;0.026937016358115
Ярославская область;8;8;Транспортный налог;273;0.026741110784602
Ярославская область;9;9;Комплексное благоустройство;233;0.022822999314330
Ярославская область;10;10;Государственные награды. Награды и почетные знаки субъекта Российской Федерации. Ведомственные награды. Награды органов местного самоуправления Подвопрос: за рубежом;214;0.020961896365952
